title,link,score
What does the &quot;yield&quot; keyword do in Python?,https://stackoverflow.com/questions/231767/what-does-the-yield-keyword-do-in-python,13087
What does if __name__ == &quot;__main__&quot;: do?,https://stackoverflow.com/questions/419163/what-does-if-name-main-do,8393
Does Python have a ternary conditional operator?,https://stackoverflow.com/questions/394809/does-python-have-a-ternary-conditional-operator,8090
What are metaclasses in Python?,https://stackoverflow.com/questions/100003/what-are-metaclasses-in-python,7504
How do I check whether a file exists without exceptions?,https://stackoverflow.com/questions/82831/how-do-i-check-whether-a-file-exists-without-exceptions,7307
How do I merge two dictionaries in a single expression in Python?,https://stackoverflow.com/questions/38987/how-do-i-merge-two-dictionaries-in-a-single-expression-in-python,7098
How do I execute a program or call a system command?,https://stackoverflow.com/questions/89228/how-do-i-execute-a-program-or-call-a-system-command,6264
"How do I create a directory, and any missing parent directories?",https://stackoverflow.com/questions/273192/how-do-i-create-a-directory-and-any-missing-parent-directories,5798
How can I access the index value in a &#39;for&#39; loop?,https://stackoverflow.com/questions/522563/how-can-i-access-the-index-value-in-a-for-loop,5639
How do I make a flat list out of a list of lists?,https://stackoverflow.com/questions/952914/how-do-i-make-a-flat-list-out-of-a-list-of-lists,5476
What is the difference between @staticmethod and @classmethod in Python?,https://stackoverflow.com/questions/136097/what-is-the-difference-between-staticmethod-and-classmethod-in-python,4764
How slicing in Python works,https://stackoverflow.com/questions/509211/how-slicing-in-python-works,4682
How can I find the index for a given item in a list?,https://stackoverflow.com/questions/176918/how-can-i-find-the-index-for-a-given-item-in-a-list,4477
Iterating over dictionaries using &#39;for&#39; loops,https://stackoverflow.com/questions/3294889/iterating-over-dictionaries-using-for-loops,4404
How can I iterate over rows in a Pandas DataFrame?,https://stackoverflow.com/questions/16476924/how-can-i-iterate-over-rows-in-a-pandas-dataframe,4229
How can I use a global variable in a function?,https://stackoverflow.com/questions/423379/how-can-i-use-a-global-variable-in-a-function,4040
How do I get the current time in Python?,https://stackoverflow.com/questions/415511/how-do-i-get-the-current-time-in-python,3975
How can I catch multiple exceptions in one line? (in the &quot;except&quot; block),https://stackoverflow.com/questions/6470428/how-can-i-catch-multiple-exceptions-in-one-line-in-the-except-block,3944
How do I copy a file?,https://stackoverflow.com/questions/123198/how-do-i-copy-a-file,3930
What is __init__.py for?,https://stackoverflow.com/questions/448271/what-is-init-py-for,3887
Convert bytes to a string in Python 3,https://stackoverflow.com/questions/606191/convert-bytes-to-a-string-in-python-3,3872
What is the difference between __str__ and __repr__?,https://stackoverflow.com/questions/1436703/what-is-the-difference-between-str-and-repr,3809
How do I select rows from a DataFrame based on column values?,https://stackoverflow.com/questions/17071871/how-do-i-select-rows-from-a-dataframe-based-on-column-values,3615
How can I add new keys to a dictionary?,https://stackoverflow.com/questions/1024847/how-can-i-add-new-keys-to-a-dictionary,3591
Does Python have a string &#39;contains&#39; substring method?,https://stackoverflow.com/questions/3437059/does-python-have-a-string-contains-substring-method,3586
How can I delete a file or folder in Python?,https://stackoverflow.com/questions/6996603/how-can-i-delete-a-file-or-folder-in-python,3521
&quot;Least Astonishment&quot; and the Mutable Default Argument,https://stackoverflow.com/questions/1132941/least-astonishment-and-the-mutable-default-argument,3497
What does ** (double star/asterisk) and * (star/asterisk) do for parameters?,https://stackoverflow.com/questions/36901/what-does-double-star-asterisk-and-star-asterisk-do-for-parameters,3482
How do I list all files of a directory?,https://stackoverflow.com/questions/3207219/how-do-i-list-all-files-of-a-directory,3464
How can I access environment variables in Python?,https://stackoverflow.com/questions/4906977/how-can-i-access-environment-variables-in-python,3438
How do I sort a dictionary by value?,https://stackoverflow.com/questions/613183/how-do-i-sort-a-dictionary-by-value,3413
How do I clone a list so that it doesn&#39;t change unexpectedly after assignment?,https://stackoverflow.com/questions/2612802/how-do-i-clone-a-list-so-that-it-doesnt-change-unexpectedly-after-assignment,3362
How do I pass a variable by reference?,https://stackoverflow.com/questions/986006/how-do-i-pass-a-variable-by-reference,3355
Manually raising (throwing) an exception in Python,https://stackoverflow.com/questions/2052390/manually-raising-throwing-an-exception-in-python,3309
How do I print colored text to the terminal?,https://stackoverflow.com/questions/287871/how-do-i-print-colored-text-to-the-terminal,3308
Understanding Python super() with __init__() methods,https://stackoverflow.com/questions/576169/understanding-python-super-with-init-methods,3284
How do I make a time delay?,https://stackoverflow.com/questions/510348/how-do-i-make-a-time-delay,3277
How do I change the size of figures drawn with Matplotlib?,https://stackoverflow.com/questions/332289/how-do-i-change-the-size-of-figures-drawn-with-matplotlib,3263
How do I concatenate two lists in Python?,https://stackoverflow.com/questions/1720421/how-do-i-concatenate-two-lists-in-python,3238
How do I check if a list is empty?,https://stackoverflow.com/questions/53513/how-do-i-check-if-a-list-is-empty,3222
